{"cameraMode":{"drawMode":0,"name":"Shaded","section":"Shading Mode"},"sceneLighting":true,"audioPlay":false,"sceneViewState":{"showFog":true,"showMaterialUpdate":false,"showSkybox":true,"showFlares":true,"showImageEffects":true,"showParticleSystems":true},"in2DMode":false,"pivot":{"x":-3.9176597595214845,"y":-9.472282409667969,"z":-1.7573585510253907},"rotation":{"x":0.20137225091457368,"y":0.7985456585884094,"z":-0.4074678122997284,"w":0.3946443796157837},"size":115.84442901611328,"orthographic":false}